School_ID,Street_Adress,ZIP_Code,X_COORDINATE,Y_COORDINATE,Latitude,Longitude,Ward,Police_District
400018,231 N Pine Ave ,60644,1139494.763,1901274.258,41.88520477,-87.76321191,28,15
609674,2100 E 87th St ,60617,1191700.593,1847743.551,41.73720173,-87.57324389,8,4
609676,3000 S King Dr ,60616,1179262.097,1885167.032,41.84018775,-87.61767315,2,1
609678,606 S State St ,60605,1176412.354,1897618.088,41.87441898,-87.62775497,2,1
609679,2148 N Long Ave ,60639,1139989.443,1913970.649,41.92003613,-87.76108432,37,25
609680,1034 N Wells St ,60610,1174484.638,1907490.082,41.90155157,-87.63453744,27,18
609682,5009 S Laflin St ,60609,1167224.006,1871465.305,41.80285552,-87.66224052,16,9
609691,4338 W Wabansia Ave ,60639,1147041.135,1910981.274,41.91170094,-87.73525151,31,25
609692,8147 S Vincennes Ave ,60620,1174719.074,1850730.192,41.74579217,-87.63537,21,6
609693,3223 W Franklin Blvd ,60624,1154695.243,1903109.304,41.88994963,-87.70734353,28,11
609694,4034 W 56th St ,60629,1150280.45,1867197.827,41.79149114,-87.72449161,13,8
609695,5110 N Damen Ave ,60625,1162034.157,1934187.196,41.97507922,-87.67952139,47,20
609698,3939 W 79th St ,60652,1151315.548,1851847.859,41.74934817,-87.72109673,18,8
609702,2245 W Jackson Blvd ,60612,1161290.138,1898611.918,41.87747384,-87.68324922,2,12
609704,2345 S Christiana Ave ,60623,1154443.895,1888031.41,41.8485793,-87.70866954,22,10
609705,11220 S Wallace St ,60628,1174272.711,1830372.91,41.68993885,-87.63760833,34,22
609707,6835 S Normal Blvd ,60621,1174171.884,1859450.314,41.76973341,-87.63711641,6,7
609708,3235 N LeClaire Ave ,60641,1141833.359,1921189.138,41.93981043,-87.7541302,30,16
609709,5630 S Rockwell St ,60629,1159962.875,1867094.347,41.79101352,-87.68899064,16,8
609710,9652 S Michigan Ave ,60628,1178815.804,1840781.935,41.71840075,-87.62066069,6,5
609711,6520 S Wood St ,60636,1165424.867,1861341.255,41.77511222,-87.66912563,15,7
609712,7740 S Ingleside Ave ,60619,1183865.127,1853710.216,41.7537612,-87.60176452,8,6
609713,6220 S Stony Island Ave ,60637,1187898.897,1864121.427,41.78223539,-87.58665115,5,3
609715,4136 S California Ave ,60632,1158337.786,1877175.576,41.81871101,-87.69467483,14,9
609716,4343 W Wrightwood Ave ,60639,1146795.845,1916879.493,41.92789092,-87.73600171,31,25
609718,6325 W 56th St ,60638,1135044.301,1866707.447,41.79042796,-87.78037224,23,8
609719,4015 N Ashland Ave ,60613,1164975.217,1926813.581,41.95478361,-87.66891643,47,19
609720,2501 W Addison St ,60618,1158975.392,1923791.705,41.94661693,-87.69105603,47,19
609722,2935 W Polk St ,60612,1156776.858,1896186.78,41.87091163,-87.69988652,28,11
609723,3250 W Adams St ,60624,1154542.583,1898925.511,41.87847194,-87.70801612,28,11
609724,5835 N Lincoln Ave ,60659,1155766.152,1938701.409,41.9875954,-87.70244871,40,20
609725,1744 W Pryor Ave ,60643,1166609.57,1831085.382,41.69206041,-87.66564309,19,22
609726,250 E 111th St ,60628,1180061.781,1831459.213,41.69278956,-87.61638144,9,5
609727,244 E Pershing Rd ,60653,1178735.106,1879229.78,41.82390751,-87.61978794,3,2
609728,3436 W Wilson Ave ,60625,1152459.778,1930390.229,41.96485522,-87.71483051,33,17
609729,3601 N Milwaukee Ave ,60641,1146851.198,1923627.843,41.94640794,-87.73562542,38,17
609730,5900 N Glenwood Ave ,60660,1165871.81,1939308.369,41.98905063,-87.66526222,48,20
609732,3030 N Mobile Ave ,60634,1133838.348,1919613.694,41.93563171,-87.78355194,36,25
609733,6631 N Bosworth Ave ,60626,1164774.883,1944269.292,42.00268694,-87.66915533,40,24
609734,6530 W Bryn Mawr Ave ,60631,1131556.247,1936856.822,41.98298852,-87.7915383,41,16
609735,4747 S Union Ave ,60609,1172475.474,1873203.826,41.80751207,-87.64292985,11,9
609736,555 E 51st St ,60615,1180944.201,1871282.832,41.80204982,-87.61192836,4,2
609737,5039 N Kimball Ave ,60625,1152840.522,1933431.315,41.9731926,-87.71334969,39,17
609738,2001 N Orchard St ,60614,1171322.336,1913569.392,41.91830362,-87.64597389,43,18
609739,3535 E 114th St ,60617,1201607.873,1829942.879,41.6881094,-87.5375501,10,4
609740,936 N Ashland Ave ,60622,1165512.916,1906490.72,41.89900506,-87.66751989,1,13
609741,6200 S Hamlin Ave ,60629,1152065.741,1863208.025,41.78050763,-87.71804991,13,8
609744,3730 W Bryn Mawr Ave ,60659,1150357.037,1936987.496,41.98299994,-87.72238881,39,17
609745,7342 S Hoyne Ave ,60636,1163596.617,1855772.059,41.75986813,-87.6759838,17,7
609746,5015 S Blackstone Ave ,60615,1186813.047,1871954.152,41.80375479,-87.59038395,4,2
609749,5501 N Kedzie Ave ,60625,1154090.859,1936413.866,41.98135196,-87.70867192,40,17
609751,4445 S Drexel Blvd ,60653,1183114.175,1875544.787,41.81369471,-87.60383761,4,2
609753,3857 W 111th St ,60655,1152383.425,1830663.647,41.69119388,-87.71773863,19,22
609754,3519 S Giles Ave ,60653,1178881.169,1881647.166,41.83053768,-87.61917837,2,2
609755,211 S Laflin St ,60607,1166475.742,1899058.627,41.87859028,-87.66419634,2,12
609756,4959 S Archer Ave ,60632,1150928.132,1871413.203,41.80304615,-87.72200673,14,8
609759,1147 N Western Ave ,60622,1160235.206,1907768.877,41.90262318,-87.68686934,1,13
609760,13100 S Doty Ave ,60627,1187202.39,1818214.083,41.65627709,-87.5906566,9,5
609761,821 E 103rd St ,60628,1183649.971,1836810.314,41.70739096,-87.60307842,9,5
609762,10330 S Elizabeth St ,60643,1169808.363,1836139.004,41.70585971,-87.65378585,21,22
609764,2150 S Laflin St ,60608,1166665.696,1889615.348,41.85267306,-87.66376931,25,12
609766,4355 N Linder Ave ,60641,1138928.091,1928655.205,41.96035141,-87.76462602,38,16
609768,5515 S Lowe Ave ,60621,1172948.54,1868120.666,41.79355292,-87.64134488,3,7
609769,2347 S Wabash Ave ,60616,1177161.058,1888615.131,41.84969736,-87.6252787,2,1
609772,10810 S Avenue H ,60617,1202811.36,1833818.906,41.69871497,-87.53301251,10,4
609773,2851 N Seminary Ave ,60657,1168495.925,1919310.804,41.93412004,-87.65619167,44,19
609774,2625 N Orchard St ,60614,1171189.134,1917774.756,41.92984626,-87.64633949,43,19
609775,1340 W 71st St ,60636,1168430.269,1857717.233,41.76510322,-87.6582125,17,7
609777,950 W 33rd Pl ,60608,1170302.817,1882796.194,41.8338821,-87.65061898,11,9
609779,2110 W Greenleaf Ave ,60645,1160591.979,1946966.544,42.01017628,-87.68446868,50,24
609780,1920 N Hamlin Ave ,60647,1150696.779,1912593.823,41.91605519,-87.72177945,26,25
609781,5055 S State St ,60609,1177176.077,1871285.644,41.80214349,-87.6257474,3,2
609782,3500 N Hoyne Ave ,60618,1161693.811,1923258.727,41.94509808,-87.68107885,47,19
609786,8045 S Kenwood Ave ,60619,1186651.081,1851731.65,41.74826636,-87.59161761,8,4
609788,10354 S Charles St ,60643,1168627.899,1835867.534,41.70514024,-87.65811642,19,22
609789,2828 N Kilbourn Ave ,60641,1145852.597,1918556.652,41.93251118,-87.73942514,31,25
609790,7650 S Wolcott Ave ,60620,1164981.896,1853724.297,41.75421962,-87.67096453,18,6
609791,1140 W 66th St ,60621,1169677.933,1861068.943,41.77427377,-87.65354234,17,7
609792,4220 N Richmond St ,60618,1155915.849,1928001.212,41.95823045,-87.70218806,33,17
609793,6006 S Peoria St ,60621,1171298.247,1864964.268,41.7849277,-87.64748868,16,7
609794,4929 N Sawyer Ave ,60625,1153858.196,1932691.891,41.9711433,-87.70962725,39,17
609795,1045 S Monitor Ave ,60644,1137583.968,1894930.877,41.8678323,-87.77038158,29,15
609796,5025 N Laramie Ave ,60630,1140829.242,1933051.044,41.97237914,-87.75752776,45,16
609797,3151 W Walnut St ,60612,1155122.862,1901415.832,41.88529401,-87.70581859,27,13
609798,4257 N Tripp Ave ,60641,1147266.366,1928184.928,41.95890499,-87.73398223,38,17
609799,3730 N Oakley Ave ,60618,1160327.881,1924862.722,41.94952795,-87.68605496,47,19
609800,10115 S Prairie Ave ,60628,1179742.916,1837880.076,41.71041656,-87.61735342,9,5
609803,1420 W Grace St ,60613,1166063.167,1925373.268,41.95080812,-87.66495825,44,19
609804,6710 N Washtenaw Ave ,60645,1157068.657,1944483.472,42.00343519,-87.69750011,50,24
609805,7931 S Honore St ,60620,1165441.875,1851949.948,41.74934082,-87.66932903,18,6
609806,7736 S Burnham Ave ,60649,1196028.811,1854039.898,41.7543734,-87.55717881,7,4
609807,3434 W 77th St ,60652,1154672.983,1853379.243,41.75348432,-87.70875287,18,8
609808,11411 S Eggleston Ave ,60628,1175378.714,1829178.573,41.68663682,-87.63359476,34,22
609809,2723 N Fairfield Ave ,60647,1157602.725,1918079.537,41.93097047,-87.69625758,35,14
609810,3800 N New England Ave ,60634,1129684.056,1924513.932,41.94915063,-87.79870722,38,16
609811,10740 S Calhoun Ave ,60617,1194858.644,1834119.778,41.69973969,-87.56212104,10,4
609812,54 N Hermitage Ave ,60612,1164687.109,1900646.996,41.88298698,-87.67071879,27,13
609813,6741 S Michigan Ave ,60637,1178368.986,1860177.542,41.77163474,-87.62170972,20,3
609815,7355 S Jeffery Blvd ,60649,1190861.978,1856358.038,41.76086093,-87.57603849,5,3
609817,2701 W Foster Ave ,60625,1157387.173,1934388.087,41.97572652,-87.69660443,40,20
609818,2035 N Mobile Ave ,60639,1134122.521,1913042.046,41.91759334,-87.78266267,29,25
609819,5356 S King Dr ,60615,1179801.469,1869357.523,41.79679285,-87.61617809,3,2
609820,1630 W Barry Ave ,60657,1164768.164,1920682.831,41.93796493,-87.66985204,32,19
609821,1903 E 96th St ,60617,1190566.496,1841647.953,41.72050221,-87.57759489,7,4
609826,2524 S Central Park Ave ,60623,1152737.279,1886876.128,41.84544296,-87.71496352,22,10
609827,650 E 91st Pl ,60619,1182385.651,1844494.844,41.72850759,-87.60747108,6,6
609828,1621 W Wabansia Ave ,60622,1165168.464,1911344.181,41.91233061,-87.66864691,1,14
609829,3542 S Washtenaw Ave ,60632,1158904.877,1880879.379,41.8288631,-87.69249318,12,9
609830,932 N Central Ave ,60651,1138802.71,1905814.957,41.89767761,-87.76564297,29,15
609832,5329 S Oak Park Ave ,60638,1131997.021,1868365.169,41.79503029,-87.79150778,23,8
609833,8546 S Cregier ,60617,1189641.205,1848463.627,41.73922735,-87.58076569,8,4
609834,2620 S Lawndale Ave ,60623,1152090.217,1886231.173,41.84368588,-87.71735516,22,10
609835,1234 N Monticello Ave ,60651,1151767.546,1908130.068,41.90378521,-87.71796315,26,25
609836,3740 N Panama Ave ,60634,1121355.698,1924041.412,41.94799245,-87.8293319,36,16
609837,1414 E 61st Pl ,60637,1186764.646,1864534.473,41.78339577,-87.59079649,20,3
609839,2929 W 83rd St ,60652,1158181.605,1849398.28,41.74248931,-87.696003,18,8
609842,5516 S Maplewood Ave ,60629,1160271.679,1867913.54,41.79325514,-87.68783576,16,8
609844,5740 S Michigan Ave ,60637,1178101.365,1866810.123,41.78984129,-87.62248974,20,2
609845,901 E 133rd Pl ,60827,1184786.467,1817244.896,41.65367428,-87.59952683,9,5
609848,630 E 131st St ,60827,1182870.294,1818598.178,41.65743243,-87.60649623,9,5
609849,11314 S Spaulding Ave ,60655,1156350.416,1829287.52,41.68733881,-87.70325179,19,22
609850,832 W Sheridan Rd ,60613,1169860.926,1926142.578,41.95283701,-87.65097549,46,19
609851,2745 W Roosevelt Rd ,60608,1158048.936,1894554.926,41.8664078,-87.69526079,28,10
609852,2135 W Foster Ave ,60625,1161016.902,1934466.545,41.975867,-87.68325438,47,20
609853,2021 N Point St ,60647,1158104.87,1913362.162,41.91801539,-87.69454144,1,14
609854,2450 W Rice St ,60622,1159698.085,1905621.056,41.89674048,-87.68890154,1,13
609855,5042 S Artesian Ave ,60632,1160846.21,1870985.96,41.8016744,-87.68564411,14,9
609856,13231 S Burley Ave ,60633,1199800.451,1817700.031,41.65455937,-87.544577,10,4
609857,3121 W Byron St ,60618,1154778.842,1925727.705,41.9520147,-87.70642927,33,17
609859,6110 N Fairfield Ave ,60659,1156854.125,1940520.212,41.99256421,-87.69839748,50,24
609861,2350 W 110th Pl ,60643,1162450.244,1831415.599,41.69305404,-87.6808619,19,22
609862,8441 S Yates Blvd ,60617,1193682.146,1849300.863,41.74142687,-87.56593332,7,4
609863,1003 N Leavitt St ,60622,1161595.965,1906670.676,41.89958139,-87.68190167,32,13
609864,8150 S Bishop St ,60620,1168050.532,1850484.153,41.74526284,-87.6598119,21,6
609865,7414 N Wolcott Ave ,60626,1162385.224,1949501.716,42.01709536,-87.67779928,49,24
609866,4046 N Leavitt St ,60618,1160924.137,1927061.47,41.95554905,-87.68380195,47,19
609867,1624 W 19th St ,60608,1165708.517,1890841.583,41.85605839,-87.66724753,25,12
609869,6010 S Throop St ,60636,1168649.029,1864844.463,41.78465652,-87.6572053,16,7
609870,2510 S Kildare Ave ,60623,1148304.879,1886901.414,41.84559878,-87.73122946,22,10
609871,2554 W 113th St ,60655,1161152.12,1829643.669,41.68821843,-87.6856634,19,22
609872,1241 W 19th St ,60608,1168231.034,1890840.422,41.85600113,-87.6579887,25,12
609873,2128 S Saint Louis Ave ,60623,1153387.649,1889511.387,41.85266155,-87.7125068,24,10
609874,8601 W Foster Ave ,60656,1118113.731,1933386.151,41.97368728,-87.84105162,41,16
609875,3116 W Belden Ave ,60647,1155126.902,1915284.203,41.92334998,-87.70543099,26,14
609876,3014 W 39th Pl ,60632,1156815.412,1878318.629,41.8218786,-87.70022859,14,9
609879,3810 W 81st Pl ,60652,1152339.16,1850308.795,41.74510467,-87.71738613,18,8
609880,7030 N Sacramento Ave ,60645,1155108.239,1946608.822,42.00930696,-87.70465502,50,24
609881,3937 W Wilcox St ,60624,1150012.228,1899002.166,41.87877166,-87.72464875,28,11
609883,7240 S Wabash Ave ,60619,1177940.398,1856846.453,41.76250359,-87.62338156,6,3
609884,3436 N Osceola Ave ,60634,1125764.896,1922082.022,41.94254335,-87.813168,36,16
609885,5415 S Union Ave ,60609,1172596.05,1868881.791,41.7956493,-87.642615,3,9
609887,8306 S Saint Lawrence Ave ,60619,1181644.805,1850009.577,41.74365776,-87.61001515,6,6
609888,2651 W Washington Blvd ,60612,1158615.705,1900540.306,41.88282068,-87.6930162,2,13
609891,535 E 35th St ,60616,1180586.11,1881863.446,41.8310921,-87.61291629,4,2
609893,6108 S Natoma Ave ,60638,1133084.3,1863232.77,41.78092716,-87.78764009,23,8
609894,2722 S King Dr ,60616,1179225.388,1886481.089,41.84379445,-87.61776768,4,1
609895,9300 S Princeton Ave ,60620,1176188.712,1843386.932,41.72560849,-87.6302048,21,6
609896,1845 W Cortland St ,60622,1163566.562,1912627.608,41.91588634,-87.67449563,32,14
609897,6121 S Hermitage Ave ,60636,1165772.423,1863964.038,41.78230211,-87.66777712,15,7
609898,3400 W 65th Pl ,60629,1154822.365,1861019.383,41.7744471,-87.70800189,15,8
609899,7350 W Pratt Ave ,60631,1126172.537,1944639.095,42.00443557,-87.81116435,41,16
609900,32 E 115th St ,60628,1178641.811,1828771.262,41.68544575,-87.62166148,9,5
609901,6525 N Hiawatha Ave ,60646,1139595.896,1942911.685,41.99946016,-87.7618211,41,16
609902,12339 S Normal Ave ,60628,1175245.267,1822916.582,41.6694559,-87.63426928,34,5
609903,4815 S Karlov Ave ,60632,1149882.354,1872308.474,41.80552325,-87.72581893,14,8
609904,243 N Parkside Ave ,60644,1138584.642,1901378.002,41.885506,-87.76655157,29,15
609906,5500 W Madison St ,60644,1139489.278,1899514.703,41.88037642,-87.76327497,29,15
609907,3600 W 5th Ave ,60624,1152417.444,1897922.54,41.87576191,-87.71584573,28,11
609908,1865 W Montvale ,60643,1165656.136,1830105.142,41.68939069,-87.66916143,19,22
609909,3419 S Bell Ave ,60608,1161955.375,1881878.553,41.83154196,-87.68127322,11,9
609910,3020 N Lamon Ave ,60641,1143139.285,1919727.764,41.93577597,-87.74936705,31,25
609912,5414 N Linder Ave ,60630,1138478.05,1935743.025,41.9798092,-87.76610809,45,16
609913,2040 W 62nd St ,60636,1163653.744,1863565.274,41.78125258,-87.67555599,15,7
609916,1415 E 70th St ,60637,1186924.786,1858826.102,41.76772772,-87.59039017,5,3
609917,10041 S Union Ave ,60628,1173454.065,1838113.389,41.71119799,-87.6403774,34,22
609918,7019 N Ashland Ave ,60626,1164539.561,1946810.338,42.00966462,-87.66994862,49,24
609919,6145 S Ingleside Ave ,60637,1183547.778,1864329.648,41.78290934,-87.60259685,20,3
609920,2233 S Kedzie Ave ,60623,1155417.273,1888838.931,41.85077575,-87.70507547,24,10
609921,2832 W 24th Blvd ,60623,1157725.352,1887836.509,41.84797834,-87.6966316,12,10
609922,2456 N Mango Ave ,60639,1137592.32,1915980.764,41.92559567,-87.76984337,30,25
609924,9025 S Throop St ,60620,1169287.183,1844810.538,41.72966698,-87.65544435,21,22
609925,751 S Sacramento Blvd ,60612,1156531.906,1896287.544,41.87119309,-87.70078311,2,11
609926,225 W Evergreen Ave ,60610,1174204.012,1909317.563,41.90657253,-87.6355136,43,18
609927,8530 S Wood St ,60620,1165798.179,1847975.278,41.7384262,-87.66813597,18,6
609928,4214 S Saint Lawrence Ave ,60653,1180924.721,1877097.464,41.8180061,-87.61182077,4,2
609929,5300 S Hermitage Ave ,60609,1165540.244,1869516.208,41.79754288,-87.66847093,16,9
609930,2010 N Central Park ,60647,1152012.963,1913173.956,41.91762127,-87.71692852,26,25
609932,12450 S State St ,60628,1178488.214,1822184.059,41.66737294,-87.62242272,9,5
609933,1631 W Jonquil Ter ,60626,1163959.517,1950960.205,42.02106425,-87.67196481,49,24
609935,10347 S Ewing Ave ,60617,1202203.353,1836767.747,41.70682232,-87.53513861,10,4
609937,5225 N Oak Park Ave ,60656,1130304.414,1934430.694,41.97635262,-87.79619832,41,16
609938,3740 W 31st St ,60623,1151739.739,1883825.92,41.83709246,-87.71870452,22,10
609939,9301 S State St ,60619,1177970.337,1843287.805,41.72529635,-87.62368165,6,6
609941,7316 S Hoyne Ave ,60636,1163589.689,1856037.765,41.76059741,-87.67600175,17,7
609942,2236 N Rockwell St ,60647,1158528.612,1915119.213,41.9228282,-87.69293637,1,14
609943,12302 S State St ,60628,1178435.326,1823353.395,41.67058298,-87.62258098,9,5
609944,12810 S Escanaba Ave ,60633,1197378.736,1820556.064,41.66245712,-87.55334334,10,4
609945,5120 N Winthrop Ave ,60640,1167897.992,1934499.505,41.97581137,-87.65794915,48,20
609947,4436 S Union Ave ,60609,1172335.702,1875308.997,41.81329195,-87.64338051,11,9
609949,3730 N Laramie Ave ,60641,1140988.981,1924452.515,41.94878107,-87.75715297,38,16
609950,3000 S Lawndale Ave ,60623,1152138.268,1884434.021,41.83875333,-87.71722614,22,10
609951,1119 E 46th St ,60653,1184576.517,1874697.119,41.81133445,-87.5985003,4,2
609952,3525 S Honore ,60609,1164636.276,1881214.535,41.82966356,-87.67145551,11,9
609954,3715 W Polk St ,60624,1151660.565,1896077.812,41.87071468,-87.71867323,24,11
609955,8524 S Green St ,60620,1172094.314,1848202.308,41.73891334,-87.64506169,21,6
609956,5450 W 64th Pl ,60638,1140971.91,1861303.67,41.77549238,-87.75876919,13,8
609958,4420 S Sacramento Ave ,60632,1157065.026,1875083.27,41.81299531,-87.69940042,14,9
609959,247 W 23rd Pl ,60616,1174842.529,1888681.328,41.84993116,-87.63378596,25,9
609960,6140 S Melvina ,60638,1136092.792,1862988.841,41.78020486,-87.77661589,23,8
609961,8344 S Commercial Ave ,60617,1197504.847,1850181.748,41.74374969,-87.55189813,10,4
609963,1650 W Cornelia Ave ,60657,1164474.274,1923334.414,41.94524725,-87.67085683,32,19
609964,4747 S Bishop St ,60609,1167511.897,1873073.883,41.80726347,-87.66113856,20,9
609966,2819 W 21st Pl ,60623,1157809.015,1889554.623,41.85269133,-87.69627777,12,10
609967,2332 S Western Ave ,60608,1160699.306,1888303.522,41.84919885,-87.68570412,25,10
609968,1841 N Springfield Ave ,60647,1150124.467,1912135.002,41.91480732,-87.72389409,30,25
609969,1556 E 56th St ,60637,1187805.484,1868216.424,41.7934746,-87.58686328,5,2
609971,7525 S Harvard ,60620,1175413.427,1854942.117,41.75733472,-87.63270008,17,6
609972,4540 N Hamlin Ave ,60625,1150195.236,1930075.176,41.96403525,-87.72316496,39,17
609973,2728 S Kostner Ave ,60623,1147465.325,1885362.468,41.84139181,-87.73434997,22,10
609974,3319 N Clifton Ave ,60657,1168069.526,1922284.759,41.94228994,-87.65767253,44,19
609975,1018 N Laramie Ave ,60651,1141465.048,1906381.947,41.89918473,-87.75585034,37,15
609976,1518 W Granville Ave ,60660,1164969.802,1941312.085,41.99456814,-87.6685227,40,24
609977,6657 S Kimbark Ave ,60637,1185825.188,1860883.579,41.77339962,-87.59435584,5,3
609978,744 E 103rd St ,60628,1183210.11,1836877.16,41.70758462,-87.60468711,8,5
609979,3010 S Parnell Ave ,60616,1173077.292,1884891.36,41.83957045,-87.64037683,11,9
609981,4640 S Lamon Ave ,60638,1144438.111,1873241.766,41.80818821,-87.74576315,23,8
609983,4747 S Winchester Ave ,60609,1164199.04,1873001.047,41.80713406,-87.67329121,20,9
609985,4409 W Wilcox St ,60624,1146965.713,1898931.63,41.87863685,-87.73583687,28,11
609986,5650 S Wolcott Ave ,60636,1164617.918,1866985.258,41.79061716,-87.67192466,15,7
609987,4316 S Princeton Ave ,60609,1174966.903,1876241.753,41.81579314,-87.63370133,3,9
609988,4250 N Saint Louis Ave ,60618,1152247.412,1928240.998,41.95896179,-87.71566829,33,17
609989,2131 W Monroe St ,60612,1162083.381,1899481.098,41.87984242,-87.68031236,2,12
609990,1212 S Plymouth Ct ,60605,1176190.878,1894860.267,41.86685634,-87.62865124,2,1
609991,3711 W Douglas Blvd ,60623,1151795.4,1892995.835,41.86225473,-87.71825927,24,10
609993,4619 S Wolcott Ave ,60609,1164504.29,1873959.199,41.8097569,-87.6721446,20,9
609994,3244 W Ainslie St ,60625,1153660.42,1932405.972,41.97036267,-87.71036214,39,17
609995,5625 N McVicker Ave ,60646,1134940.195,1937129.571,41.98367756,-87.77908614,45,16
609996,1104 W 31st St ,60608,1169423.887,1884309.813,41.83805473,-87.65380002,11,9
609997,955 W Garfield Blvd ,60621,1170648.336,1868177.891,41.79376044,-87.64977785,16,7
610000,720 N Lorel Ave ,60644,1140502.548,1904349.511,41.89362521,-87.75943557,37,15
610002,8905 S Crandon Ave ,60617,1193092.436,1846336.546,41.73330693,-87.5681905,7,4
610003,8324 S Racine Ave ,60620,1169734.759,1849470.5,41.74244489,-87.65366994,21,6
610004,10650 S Eberhart Ave ,60628,1181431.47,1834229.814,41.70036107,-87.61128176,9,5
610005,4247 W 15th St ,60623,1148118.259,1892326.805,41.86049033,-87.73177486,24,10
610006,3849 W 69th Pl ,60629,1151703.802,1858195.038,41.7667583,-87.71950804,13,8
610009,820 S Carpenter St ,60607,1169436.562,1896405.606,41.87124634,-87.65340205,25,12
610010,3149 N Wolcott Ave ,60657,1163153.671,1921136.53,41.93924404,-87.67577282,32,19
610011,5650 N Mozart St ,60659,1156286.231,1937618.645,41.98461372,-87.70056525,40,20
610012,1119 N Cleveland Ave ,60610,1172718.668,1907660.339,41.90205805,-87.64101894,27,18
610013,1420 W 17th St ,60608,1167068.653,1891878.989,41.85887606,-87.6622254,25,12
610015,1746 S Miller St ,60608,1169764.005,1891617.595,41.85810053,-87.65233933,25,12
610016,9241 S Leavitt St ,60620,1163362.184,1843156.174,41.72525315,-87.67719555,19,22
610017,2850 W 24th Blvd ,60623,1157546.774,1887831.632,41.84796859,-87.69728712,12,10
610018,4959 S Blackstone Ave ,60615,1186808.191,1872169.101,41.80434474,-87.59039494,4,2
610019,6450 S Lowe Ave ,60621,1173111.97,1861899.898,41.77647883,-87.64092929,20,7
610020,517 N Parkside Ave ,60644,1138633.137,1902956.198,41.88983589,-87.76633519,29,15
610021,3501 W Potomac Ave ,60651,1152770.808,1908388.615,41.90447488,-87.71427105,26,14
610022,6700 N Greenview Ave ,60626,1165015.365,1944631.682,42.00367622,-87.66826026,40,24
610023,740 S Campbell Ave ,60612,1159805.717,1896555.693,41.87186209,-87.68875632,2,11
610024,2345 S Millard Ave ,60623,1152451.967,1887990.693,41.8485071,-87.71598119,22,10
610026,5625 S Mobile Ave ,60638,1135391.774,1866445.86,41.78970398,-87.7791043,23,8
610027,9351 S Lowe Ave ,60620,1173661.215,1842654.148,41.72365391,-87.63948475,21,22
610028,10414 S State St ,60628,1178053.498,1835837.822,41.70485072,-87.62360199,34,5
610029,1501 N Greenview Ave ,60622,1166155.136,1910106.654,41.90891372,-87.66505758,32,14
610030,936 E 54th St ,60615,1183537.482,1869839.651,41.7980295,-87.60246287,4,2
610031,2714 W Augusta Blvd ,60622,1158045.392,1906579.348,41.89940402,-87.69494543,1,13
610032,1150 W 96th St ,60643,1170124.549,1841046.411,41.71931953,-87.65248591,21,22
610033,1734 N Orleans St ,60614,1173614.17,1911976.635,41.9138823,-87.63760107,43,18
610034,3500 W Douglas Blvd ,60623,1153224.421,1893272.908,41.86298683,-87.71300615,24,10
610036,1431 N Leamington Ave ,60651,1141810.292,1909168.612,41.90682528,-87.75451319,37,25
610037,5300 S Loomis Blvd ,60609,1167858.322,1869572.502,41.79764784,-87.65996858,16,9
610038,615 W Kemper Pl ,60614,1171699.458,1915829.428,41.92449696,-87.64452163,43,18
610039,3221 N Sacramento Ave ,60618,1155853.119,1921364.031,41.94001885,-87.70259825,33,17
610040,2103 N Lamon Ave ,60639,1143423.139,1913554.359,41.91883022,-87.74847861,31,25
610041,2828 N Oak Park Ave ,60634,1130557.942,1918183.07,41.93176301,-87.79564085,36,25
610043,6333 W Bloomingdale Ave ,60639,1133787.949,1911253.2,41.91269042,-87.78393402,29,25
610044,3320 W Hirsch St ,60651,1153864.623,1909151.595,41.90654684,-87.71023279,26,14
610045,9928 S Crandon Ave ,60617,1193433.052,1839450.176,41.71440176,-87.56716721,7,4
610046,2941 N McVicker Ave ,60634,1135587.211,1919095.574,41.93417898,-87.77713699,29,25
610047,7433 S Dorchester Ave ,60619,1186872.582,1855846.347,41.75955224,-87.59067582,5,3
610048,1420 N Hudson Ave ,60610,1173014.972,1909920.568,41.90825367,-87.63986347,27,18
610051,5252 W Palmer St ,60639,1140773.188,1914158.944,41.92053845,-87.75820003,37,25
610052,8050 S Chappel Ave ,60617,1191225.84,1851783.833,41.74830012,-87.57485274,8,4
610053,6550 S Richmond St ,60629,1157806.476,1860844.388,41.77390682,-87.6970673,15,8
610054,9822 S Exchange Ave ,60617,1197424.97,1840279.493,41.71657908,-87.55251993,10,4
610055,3250 W Monroe St ,60624,1154521.277,1899387.886,41.87974117,-87.70808199,28,11
610056,4217 W 18th St ,60623,1148477.255,1891003.441,41.85685194,-87.73049117,24,10
610057,6201 S Fairfield Ave ,60629,1159148.629,1863391.057,41.78086789,-87.69207758,15,8
610058,512 S Lavergne Ave ,60644,1143308.514,1897064.832,41.87358321,-87.74931216,29,15
610059,2250 N Clifton Ave ,60614,1168219.452,1915320.55,41.92317657,-87.65732331,32,18
610060,1340 W Harrison St ,60607,1167364.912,1897512.032,41.87432724,-87.66097599,2,12
610061,249 E 37th St ,60653,1178726.235,1880476.124,41.82732778,-87.61978251,3,2
610062,3527 S Wallace St ,60609,1172917.689,1881398.625,41.82998962,-87.64106579,11,9
610063,2712 S Sawyer Ave ,60623,1155096.537,1885727.878,41.84224508,-87.706336,22,10
610065,6543 S Champlain Ave ,60637,1181736.782,1861592.586,41.77544062,-87.60932095,20,3
610066,8801 S Indiana Ave ,60619,1179172.217,1846656.745,41.73451387,-87.61917677,6,6
610067,6901 S Fairfield Ave ,60629,1159272.821,1858741.621,41.76810662,-87.69174944,18,8
610068,5411 W Fullerton Ave ,60639,1139861.158,1915387.949,41.92392771,-87.76152094,37,25
610070,4728 N Wolcott Ave ,60640,1162923.519,1931558.605,41.96784758,-87.67632505,47,19
610072,8407 S Kerfoot Ave ,60620,1173449.365,1849063.053,41.74124549,-87.64007166,21,6
610073,2233 W Ohio St ,60612,1161269.097,1903925.361,41.89205482,-87.68317867,26,13
610074,3651 W Schubert Ave ,60647,1151359.151,1917666.234,41.92996135,-87.71921246,35,25
610075,1310 S Ashland Ave ,60608,1165892.869,1893999.307,41.86471954,-87.66648084,2,12
610076,1711 N California Ave ,60647,1157476.303,1911358.897,41.9125311,-87.69690545,1,14
610077,6011 S Rockwell St ,60629,1160111.796,1864645.298,41.78428993,-87.68851192,15,8
610078,851 W Waveland Ave ,60613,1169719.256,1924734.562,41.94897646,-87.65153745,44,19
610081,533 W 27th St ,60616,1172807.818,1886639.308,41.84437293,-87.64131399,11,9
610082,10841 S Homan Ave ,60655,1155639.216,1832346.852,41.69574845,-87.70577383,19,22
610083,6445 W Strong St ,60656,1132103.024,1932162.514,41.97009738,-87.78963691,41,16
610084,3020 W 108th St ,60655,1157959.455,1832892.067,41.69719792,-87.6972638,19,22
610085,739 N Ada St ,60642,1167232.603,1905230.933,41.89551132,-87.66123981,27,13
610086,10540 S Morgan St ,60643,1171484.32,1834733.756,41.70196704,-87.64768959,34,22
610087,6751 W 63rd Pl ,60638,1132295.745,1861625.19,41.77652935,-87.79056836,23,8
610088,2200 N Hamlin Ave ,60647,1150644.396,1914368.955,41.92092734,-87.72192541,35,25
610089,3539 W Grace St ,60618,1151954.94,1924991.364,41.95005034,-87.71682949,35,17
610090,5335 S Kenwood Ave ,60615,1186033.436,1870041.58,41.79852501,-87.59330352,4,2
610091,12607 S Union Ave ,60628,1173988.072,1821226.195,41.66484509,-87.63892027,9,5
610092,4837 W Erie St ,60644,1143836.768,1903833.453,41.89214724,-87.74720292,28,15
610093,8555 S Michigan Ave ,60619,1178690.672,1848082.986,41.7384386,-87.62089767,6,6
610094,3252 N Broadway St ,60657,1171628.585,1922072.58,41.94162999,-87.64459776,44,19
610095,700 W Willow St ,60614,1171323.787,1911991.711,41.91397435,-87.64601501,43,18
610096,5250 S Rockwell St ,60632,1159893.892,1869545.12,41.79774019,-87.68917624,14,9
610097,2121 N Keeler Ave ,60639,1148073.735,1913864.663,41.91959342,-87.73138368,30,25
610098,4127 W Hirsch St ,60651,1148503.002,1908960.619,41.90612797,-87.72993324,37,25
610099,5900 N Nina Ave ,60631,1128430.406,1938729.626,41.98818136,-87.80299207,41,16
610100,1425 N Tripp Ave ,60651,1147827.76,1909240.952,41.90691024,-87.73240646,37,25
610101,24 W Walton St ,60610,1175917.983,1906947.859,41.90003152,-87.62928901,42,18
610102,7646 S Green St ,60620,1171926.914,1853950.536,41.75469091,-87.64550666,17,6
610103,6940 S Merrill Ave ,60649,1191708.826,1859191.464,41.76861557,-87.57284299,5,3
610104,6634 W Raven St ,60631,1131111.88,1940800.44,41.99381787,-87.79308113,41,16
610105,5424 N Oketo Ave ,60656,1125978.285,1935191.982,41.97851501,-87.81209057,41,16
610106,1040 N Keeler Ave ,60651,1148146.922,1906778.22,41.9001461,-87.73129753,37,11
610107,525 N Armour St ,60622,1166113.411,1903868.626,41.89179703,-87.66538928,27,13
610108,6550 S Seeley Ave ,60636,1163788.552,1860992.429,41.77418952,-87.67513395,15,7
610109,8247 S Christiana Ave ,60652,1155530.649,1849518.217,41.74287191,-87.70571301,18,8
610110,244 E Pershing Rd ,60653,1178735.106,1879229.78,41.82390751,-87.61978794,3,2
610111,5051 N Kenneth Ave ,60630,1145817.577,1933407.476,41.97326374,-87.73917547,39,17
610112,6800 S Stewart Ave ,60621,1174661.546,1859841.533,41.77079606,-87.6353099,6,7
610114,245 W 51st St ,60609,1175207.047,1871107.604,41.80169919,-87.63297392,3,9
610115,7037 S Rhodes Ave ,60637,1181167.289,1858324.511,41.76648584,-87.61150917,6,3
610116,6938 S East End Ave ,60649,1188940.542,1859149.081,41.76856599,-87.58299131,5,3
610117,5825 S Kostner Ave ,60629,1148072.928,1865505.479,41.78688968,-87.73262962,13,8
610119,1444 W Augusta Blvd ,60622,1166416.965,1906812.638,41.89986912,-87.66419014,27,13
610120,3826 W 58th St ,60629,1151726.72,1865909.055,41.78792632,-87.71922211,13,8
610121,749 S Oakley Blvd ,60612,1161216.391,1896475.332,41.87161238,-87.68357939,25,12
610122,1423 W Bryn Mawr Ave ,60660,1165723.804,1937258.243,41.98342819,-87.66586537,48,20
610123,1616 S Avers Ave ,60623,1150967.365,1891574.242,41.85836995,-87.72133609,24,10
610124,9130 S University Ave ,60619,1185436.746,1844530.731,41.72853492,-87.59629327,8,4
610125,2410 S Leavitt St ,60608,1162043.649,1887912.321,41.84809742,-87.68078114,25,10
610126,3113 S Rhodes Ave ,60616,1180449.204,1884392.316,41.83803465,-87.61334083,4,2
610127,5510 N Christiana Ave ,60625,1153016.828,1936489.312,41.98158041,-87.71261988,40,17
610128,10309 S Morgan St ,60643,1171511.646,1836420.671,41.7065956,-87.64754034,34,22
610129,2301 W 21st Pl ,60608,1161333.371,1889647.219,41.85287295,-87.6833397,25,12
610130,650 E 85th St ,60619,1182225.898,1848815.302,41.74036711,-87.60792289,6,6
610131,2642 W 15th Pl ,60608,1158816.302,1892329.996,41.86028668,-87.69250468,28,10
610132,10538 S Langley Ave ,60628,1182742.505,1835063.9,41.70261965,-87.60645552,9,5
610133,410 N Monticello Ave ,60624,1151927.188,1902542.787,41.88845002,-87.71752405,27,11
610134,1852 S Albany Ave ,60623,1155971.872,1890640.068,41.85570712,-87.70299144,24,10
610135,5330 W Berteau Ave ,60641,1139920.815,1927445.996,41.9570151,-87.76100593,38,16
610136,1632 W Wrightwood Ave ,60614,1164875.342,1917368.608,41.92886824,-87.66955245,32,19
610137,4650 N Menard Ave ,60630,1136787.381,1930557.622,41.96561054,-87.77245066,45,16
610138,2230 W McLean Ave ,60647,1161026.753,1913565.719,41.91851374,-87.68380061,32,14
610139,11311 S Forrestville Ave ,60628,1181982.459,1830019.85,41.68879566,-87.60939383,9,5
610141,4332 N Paulina St ,60613,1164402.827,1928980.278,41.96074129,-87.67095905,47,19
610142,5631 S Kimbark Ave ,60637,1185667.78,1867788.013,41.79234967,-87.59471544,5,2
610143,834 E 50th St ,60615,1182841.804,1872082.772,41.80420101,-87.6049443,4,2
610144,3650 W School St ,60618,1151243.469,1921732.413,41.94112155,-87.71953058,35,17
610145,3425 N Major Ave ,60634,1137794.92,1922326.021,41.94300407,-87.76894541,38,16
610146,1010 E 72nd St ,60619,1184267.268,1857526.238,41.76422335,-87.60017165,5,3
610147,7345 N Washtenaw Ave ,60645,1157132.164,1948795.474,42.01526618,-87.69714858,50,24
610148,4747 S Marshfield Ave ,60609,1166186.662,1873024.079,41.80715514,-87.66600055,20,9
610150,6059 S Wabash Ave ,60637,1177801.979,1864618.42,41.78383382,-87.62365383,20,3
610152,7831 S Prairie Ave ,60619,1179432.46,1853011.922,41.75194729,-87.61802983,6,6
610153,8716 S Wallace St ,60620,1173792.13,1846923.856,41.73536767,-87.63887904,21,22
610154,646 N Lawndale Ave ,60624,1151558.259,1904275.283,41.89321142,-87.71883334,27,11
610155,6040 N Kilpatrick Ave ,60646,1143919.392,1939921.031,41.99117332,-87.74599137,39,17
610156,5345 W Congress Pkwy ,60644,1140614.251,1897119.257,41.87378243,-87.75920297,29,15
610157,5248 S Sawyer Ave ,60632,1155567.996,1869433.427,41.79752155,-87.70504311,14,8
610158,1850 N Newland Ave ,60707,1129750.187,1911749.959,41.9141236,-87.79875667,36,25
610159,4201 W Henderson St ,60641,1147787.325,1921900.296,41.94164944,-87.73222901,30,17
610160,11725 S Perry Ave ,60628,1177727.869,1827095.66,41.68086831,-87.62505762,34,5
610161,1241 W 58th St ,60636,1168872.421,1866273.444,41.78857298,-87.65634499,16,7
610163,7507 W Birchwood Ave ,60631,1125318.193,1949163.026,42.0168639,-87.81420664,41,16
610165,2727 N Long Ave ,60639,1139945.571,1917742.002,41.93038593,-87.76115305,31,25
610167,4600 S Hermitage Ave ,60609,1165412.465,1874162.777,41.81029632,-87.66880778,20,9
610169,6020 S Langley Ave ,60637,1181884.66,1865139.761,41.78517099,-87.60866927,20,3
610170,4520 S Kedzie Ave ,60632,1155752.301,1874367.234,41.81105689,-87.70423481,14,8
610171,9000 S Exchange Ave ,60617,1197292.129,1845782.158,41.73168217,-87.55282373,10,4
610172,1000 W 52nd St ,60609,1170500.817,1870373.159,41.79978772,-87.65025483,16,9
610173,245 W 57th St ,60621,1175428.391,1867127.635,41.7907728,-87.6322812,20,7
610174,4250 S Rockwell St ,60632,1159705.642,1876174.268,41.81593528,-87.68968453,12,9
610175,1330 E 50th St ,60615,1185846.553,1872152.239,41.80432122,-87.59392226,4,2
610176,11140 S Bishop St ,60643,1168507.416,1830689.468,41.69093337,-87.65870614,34,22
610177,1260 W Adams St ,60607,1167788.281,1899265.832,41.87913069,-87.65937102,27,12
610178,9755 S Greenwood Ave ,60628,1185308.063,1840332.575,41.71701772,-87.59689622,8,5
610179,4310 N Melvina Ave ,60634,1134202.834,1928091.892,41.95889037,-87.78201198,38,16
610180,1059 W 13th St ,60608,1169435.063,1894247.175,41.86532347,-87.65347031,2,12
610182,6206 N Hamlin Ave ,60659,1149868.813,1940981.795,41.99397007,-87.72407991,39,17
610183,214 N Lavergne Ave ,60644,1142962.029,1901180.137,41.88488257,-87.75048169,28,15
610184,2400 S Marshall Blvd ,60623,1157044.911,1887895.675,41.84815451,-87.69912725,12,10
610185,8010 S Kostner Ave ,60652,1148427.165,1851012.215,41.74711093,-87.73170248,13,8
610187,4525 N Kenmore Ave ,60640,1168446.748,1930325.571,41.96434608,-87.65605252,46,19
610188,10845 S Union Ave ,60628,1173617.217,1832764.286,41.69651565,-87.63993763,34,22
610189,4420 N Beacon St ,60640,1166321.035,1929570.108,41.9623189,-87.66388983,46,19
610191,6239 N Leavitt St ,60659,1160554.673,1941569.632,41.99536777,-87.68475636,50,24
610192,3444 W Wabansia Ave ,60647,1153019.365,1911120.258,41.91196584,-87.7132855,26,14
610193,8331 S Mackinaw ,60617,1199962.656,1850233.537,41.7438302,-87.542891,10,4
610194,4320 W 5th Ave ,60624,1147607.2,1896098.17,41.87084922,-87.73355414,24,11
610195,10015 S Leavitt St ,60643,1163512.956,1838118.891,41.71142687,-87.67678398,19,22
610196,5900 N Winthrop Ave ,60660,1167755.176,1939362.027,41.98915734,-87.65833342,48,20
610197,1840 W Ohio St ,60622,1163847.473,1904082.62,41.89243235,-87.67370499,1,13
610198,9912 S Avenue H ,60617,1202756.093,1839915.488,41.71544589,-87.5330074,10,4
610199,1441 W 119th St ,60643,1168705.904,1825787.71,41.67747786,-87.65812011,34,5
610200,8914 S Buffalo Ave ,60617,1199554.7,1846396.13,41.73331035,-87.54451462,10,4
610201,6024 W Warwick Ave ,60634,1135416.207,1924349.243,41.94859865,-87.77764028,38,16
610202,223 N Keeler Ave ,60624,1148397.097,1900931.417,41.88409703,-87.73052949,28,11
610203,5815 S Homan Ave ,60629,1154749.55,1865777.301,41.78750499,-87.70814201,14,8
610205,5200 N Ashland Ave ,60640,1164684.835,1934622.012,41.97621644,-87.6697616,40,20
610206,5134 S Lotus Ave ,60638,1140861.083,1869888.283,41.79905206,-87.75896524,23,8
610207,9510 S Prospect Ave ,60643,1166544.213,1841551.135,41.72078152,-87.66558526,19,22
610208,138 W 109th St ,60628,1177114.736,1832710.465,41.69628998,-87.62713349,34,5
610209,4950 N Avers Ave ,60625,1149774.095,1932831.151,41.97160605,-87.72464139,39,17
610210,2620 W Hirsch St ,60622,1158554.232,1909250.021,41.90672216,-87.69300325,26,14
610212,4929 N Sawyer Ave ,60625,1153858.196,1932691.891,41.9711433,-87.70962725,39,17
610213,6420 S University Ave ,60637,1184773.873,1862597.144,41.77812652,-87.59815597,20,3
610215,3202 W 28th St ,60623,1155440.547,1885270.824,41.84098398,-87.70508585,22,10
610216,2015 S Peoria St ,60608,1170942.07,1890439.543,41.85484214,-87.64804964,25,12
610217,2701 S Shields Ave ,60616,1174442.789,1886499.005,41.84395162,-87.63531815,11,9
610218,9239 S Jeffery Ave ,60617,1191168.455,1843939.067,41.72677474,-87.5753162,8,4
610219,3611 E 114th St ,60617,1202028.594,1829944.81,41.68810403,-87.53600985,10,4
610220,4540 N Campbell Ave ,60625,1158841.899,1930252.459,41.96434835,-87.69136881,47,19
610221,4055 W Arthington St ,60624,1149263.609,1895759.896,41.86988904,-87.72748159,24,11
610223,6950 S Sangamon St ,60621,1171140.355,1858532.558,41.76728177,-87.64825544,17,7
610224,11941 S Parnell Ave ,60628,1174831.25,1825538.503,41.67666008,-87.63570683,34,5
610225,11533 S Ada St ,60643,1169444.934,1828137.944,41.68391137,-87.65534733,34,5
610226,5534 S Saint Louis Ave ,60629,1153950.752,1867537.733,41.79235177,-87.71102417,14,8
610227,2815 S Komensky Ave ,60623,1149877.98,1884894.804,41.84006197,-87.7255084,22,10
610228,1900 W 23rd St ,60608,1164042.174,1888805.999,41.85050786,-87.67342126,25,10
610229,2009 W Schiller St ,60622,1162693.096,1909391.648,41.907025,-87.67779555,1,14
610230,6950 N Hiawatha Ave ,60646,1135078.471,1945800.949,42.00747007,-87.77837089,41,16
610231,55 W Cermak Rd ,60616,1176061.392,1889726.757,41.85277255,-87.62928114,3,1
610232,2710 S Dearborn St ,60616,1176275.784,1886545.486,41.84403809,-87.62859008,3,1
610233,7025 S Princeton Ave ,60621,1175551.272,1858262.194,41.76644232,-87.63209571,6,7
610234,1839 N Richmond St ,60647,1156561.083,1912262.258,41.91502858,-87.70024324,35,14
610235,1434 N Parkside Ave ,60651,1138362.536,1909130.405,41.90678358,-87.76717934,29,25
610237,25 W 47th St ,60609,1176782.61,1873820.331,41.80910779,-87.62711401,3,2
610238,7050 S May St ,60621,1169836.444,1857831.503,41.76538639,-87.65305514,17,7
610239,5024 S Wolcott Ave ,60609,1164498.218,1871257.706,41.80234381,-87.67224309,16,9
610240,1326 S Avers Ave ,60623,1150885.71,1893465.136,41.86356038,-87.72158636,24,10
610241,230 N Kolmar Ave ,60624,1145991.517,1900994.657,41.88431659,-87.73936153,28,11
610242,4251 N Clarendon Ave ,60613,1170183.793,1928747.67,41.95997841,-87.64971223,46,19
610243,2833 W Adams St ,60612,1157392.716,1898855.056,41.87822115,-87.69755292,2,11
610244,5101 W Harrison St ,60644,1142209.317,1896792.791,41.87285714,-87.75335467,24,15
610245,543 N Waller Ave ,60644,1138278.715,1903151.591,41.89037849,-87.76763207,29,15
610246,5255 S State St ,60609,1177212.26,1869948.081,41.79847228,-87.62565509,3,2
610248,3400 N Austin Ave ,60634,1135740.091,1922002.941,41.94215439,-87.77650575,38,16
610249,5450 S Talman Ave ,60632,1159597.93,1868206.829,41.79407382,-87.6902983,14,9
610250,160 W Wendell St ,60610,1174702.288,1907452.819,41.90144445,-87.63373912,43,18
610251,2908 W Washington Blvd ,60612,1156925.053,1900584.719,41.882977,-87.69922315,2,13
610252,2306 W Maypole Ave ,60612,1160870.308,1900992.919,41.88401623,-87.68472465,2,13
610253,1440 S Christiana Ave ,60623,1154232.147,1892627.172,41.86119482,-87.7093241,24,10
610254,3615 W 16th St ,60623,1152488.851,1891762.257,41.85885599,-87.71574626,24,10
610256,4225 S Lake Park Ave ,60653,1184412.88,1876890.974,41.81735839,-87.59903174,4,2
610257,431 N Troy St ,60612,1155338.246,1902872.403,41.88928666,-87.7049885,27,13
610258,4351 S Drexel Blvd ,60653,1183099.293,1876145.197,41.81534262,-87.6038735,4,2
610263,6311 S Calumet Ave ,60637,1179581.237,1863162.082,41.779797,-87.61717494,20,3
610264,6350 S Stewart Ave ,60621,1174681.574,1862611.036,41.77839545,-87.63515406,20,7
610265,6656 S Normal Blvd ,60621,1174114.357,1860550.724,41.77275433,-87.63729464,6,7
610266,6650 S Ellis Ave ,60637,1183997.399,1860905.944,41.77350389,-87.60105531,5,3
610268,8505 S Ingleside Ave ,60619,1184078.661,1848752.991,41.74015307,-87.60113659,8,6
610269,4865 N Sheridan Rd ,60640,1168789.535,1932738.462,41.97095968,-87.65472193,48,20
610271,3030 W Harrison St ,60612,1156127.601,1897250.02,41.87384239,-87.70224149,28,11
610273,2221 S Lawndale Ave ,60623,1152095.48,1888877.695,41.85094816,-87.71726618,22,10
610274,1420 S Albany Ave ,60623,1155905.302,1892874.443,41.86183983,-87.7031756,24,10
610276,4415 S Dr Martin L King Jr Dr ,60653,1179638.34,1875750.718,41.81434006,-87.61658079,3,2
610277,221 E 49th St ,60615,1178699.353,1872549.026,41.80557578,-87.62012252,3,2
610279,7350 S Evans Ave ,60619,1182462.062,1856226.416,41.76069854,-87.60682834,6,3
610280,9207 S Phillips Ave ,60617,1194146.741,1844346.869,41.72782129,-87.56439326,7,4
610281,7511 S South Shore Dr ,60649,1196129.985,1856209.466,41.76032435,-87.55673627,7,4
610282,4820 W Walton St ,60651,1143946.854,1905911.072,41.8978464,-87.74674645,37,15
610283,7141 S Morgan St ,60621,1170922.983,1857302.22,41.76391032,-87.64908807,17,7
610284,1707 W Morse Ave ,60626,1163673.054,1946078.682,42.00767533,-87.67315753,49,24
610285,6206 S Racine Ave ,60636,1169345.488,1863577.552,41.7811649,-87.65468845,16,7
610287,8300 S Saint Louis Ave ,60652,1154458.76,1849313.602,41.74233179,-87.70964592,18,8
610290,838 W Marquette Rd ,60621,1171705.53,1860460.828,41.77256081,-87.64612737,16,7
610291,6448 S Tripp Ave ,60629,1149113.752,1861299.693,41.77532831,-87.72892174,13,8
610293,412 S Keeler Ave ,60624,1148424.226,1897525.231,41.87474954,-87.73051772,24,11
610295,11710 S Morgan St ,60643,1171725.333,1827097.573,41.68100687,-87.64702985,34,5
610297,7627 S Constance Ave ,60649,1189903.206,1854648.757,41.75619362,-87.57960727,8,4
610298,8101 S LaSalle St ,60620,1176725.617,1851241.455,41.74715024,-87.62800231,21,6
610299,644 W 71st St ,60621,1173035.972,1857848.339,41.76536255,-87.6413274,6,7
610300,409 W 80th St ,60620,1174868.475,1851842.144,41.74884018,-87.63478949,21,6
610304,145 S Campbell Ave ,60612,1159815.389,1899102.492,41.87885054,-87.68865058,2,11
610305,5221 W Congress Pkwy ,60644,1141563.256,1897140.916,41.87382439,-87.75571809,29,15
610308,110 N Paulina St ,60612,1165013.632,1900863.727,41.88357478,-87.66951363,27,13
610312,1419 E 89th St ,60619,1187249.141,1846211.629,41.7331047,-87.58960096,8,4
610313,1313 N Claremont Ave ,60622,1160540.669,1908752.314,41.90531549,-87.68572005,1,14
610315,1136 W 122nd St ,60643,1170787.9,1823930.602,41.67233661,-87.65055321,34,5
610316,1710 E 93rd St ,60617,1189297.589,1843689.527,41.72613498,-87.58217727,8,4
610317,3825 S Washtenaw Ave ,60632,1159041.661,1879076.777,41.82391375,-87.69204069,12,9
610319,3537 S Paulina St ,60609,1165638.817,1881113.479,41.829365,-87.66778007,11,9
610320,2620 W Hirsch St ,60622,1158554.232,1909250.021,41.90672216,-87.69300325,26,14
610321,3900 N Lawndale Ave ,60618,1150989.856,1925703.541,41.9520236,-87.72035833,39,17
610323,2710 E 89th St ,60617,1195939.937,1846527.528,41.73376107,-87.55775263,7,4
610325,3212 W George St ,60618,1154387.612,1919159.019,41.9339976,-87.70804359,35,14
610329,1940 W 18th St ,60608,1163539.274,1891453.147,41.85778248,-87.67519253,25,12
610334,3545 W Fulton Blvd ,60624,1152512.295,1901720.85,41.886183,-87.71539705,28,11
610336,2710 S Dearborn St ,60616,1176275.784,1886545.486,41.84403809,-87.62859008,3,1
610339,7424 S Morgan St ,60621,1170892.32,1855485.867,41.75892669,-87.6492534,17,7
610340,3400 N Austin Ave ,60634,1135740.091,1922002.941,41.94215439,-87.77650575,38,16
610342,2216 W Hirsch St ,60622,1161265.299,1909314.592,41.90684338,-87.68304259,1,14
610345,4414 S Evans ,60653,1181853.018,1875820.129,41.81447955,-87.60845505,3,2
610347,2300 W 64th St ,60636,1162155.645,1862200.052,41.77753754,-87.68108634,15,8
610348,4257 W Adams St ,60624,1147813.932,1898625.597,41.87778081,-87.73273021,28,11
610350,9101 S Euclid Ave ,60619,1190807.321,1844986.038,41.72965645,-87.57660534,8,4
610352,8445 S Kolin Ave ,60652,1148934.857,1848010.352,41.73886352,-87.72991927,18,8
610353,3456 W 38th St ,60632,1153706.842,1879216.756,41.82440547,-87.71160875,12,9
610354,4416 N Troy St ,60625,1154546.547,1929268.921,41.96173669,-87.70718808,33,17
610355,1726 W Berteau Ave ,60613,1164156.393,1927985.538,41.9580169,-87.6718933,47,19
610357,2400 S Marshall Blvd ,60623,1157044.911,1887895.675,41.84815451,-87.69912725,12,10
610362,9811 S Lowe Ave ,60628,1173743.636,1839743.298,41.7156643,-87.63926881,21,22
610363,4140 N Marine Dr ,60613,1171170.774,1927599.86,41.95680712,-87.6461175,46,19
610364,330 E 133rd St ,60827,1180737.575,1817242.153,41.65376037,-87.61434156,9,5
610365,3030 W Arthington St ,60612,1156159.096,1895921.143,41.87019518,-87.70216173,28,11
610366,9746 S Morgan St ,60643,1171336.009,1839924.624,41.7162148,-87.6480814,21,22
610367,139 S Parkside Ave ,60644,1138681.703,1898643.037,41.87799914,-87.7662615,29,15
610368,240 W 104th St ,60628,1176345.568,1836013.039,41.70536999,-87.62985093,34,5
610369,917 W 88th St ,60620,1171645.681,1846444.016,41.73409818,-87.64675679,21,22
610380,4934 S Wabash Ave ,60615,1177513.255,1872170.444,41.80456384,-87.62448408,3,2
610381,4934 S Wabash Ave ,60615,1177513.255,1872170.444,41.80456384,-87.62448408,3,2
610383,3120 S Kostner Ave ,60623,1147521.302,1883405.128,41.83601953,-87.73419465,22,10
610384,3120 S Kostner Ave ,60623,1147521.302,1883405.128,41.83601953,-87.73419465,22,10
610385,3120 S Kostner Ave ,60623,1147521.302,1883405.128,41.83601953,-87.73419465,22,10
610389,730 N Pulaski Rd ,60624,1149548.53,1904711.708,41.89444828,-87.72620305,28,11
610390,5900 N Glenwood Ave ,60660,1165871.81,1939308.369,41.98905063,-87.66526222,48,20
610391,6130 S Wolcott Ave ,60636,1164703.614,1863861.294,41.7820428,-87.67169858,15,7
610392,3120 S Kostner Ave ,60623,1147521.302,1883405.128,41.83601953,-87.73419465,22,10
610394,900 W Wilson Ave ,60640,1169403.401,1930780.685,41.96557412,-87.65252191,46,19
610395,3200 S Calumet Ave ,60616,1179082.41,1883818.012,41.83649005,-87.61837372,2,2
610396,3330 W 71st St ,60629,1155280.2,1857374.137,41.76443483,-87.70642093,18,8
610402,3300 N Campbell ,60618,1159059.411,1921900.745,41.94142629,-87.6907993,47,19
610405,2022 W Washington Blvd ,60612,1162799.297,1900725.344,41.88324176,-87.67764871,2,13
610499,1313 S Sacramento Dr ,60623,1156217.24,1893722.861,41.86416169,-87.70200761,24,10
610501,231 N Pine Ave ,60644,1139494.763,1901274.258,41.88520477,-87.76321191,28,15
610502,145 S Campbell Ave ,60612,1159815.389,1899102.492,41.87885054,-87.68865058,2,11
610503,4027 W Grenshaw St ,60624,1149588.241,1894694.332,41.86695871,-87.72631742,24,11
610504,3625 S Hoyne Ave ,60609,1162992.823,1880511.57,41.82776914,-87.67750501,11,9
610506,6201 S Stewart Ave ,60621,1174730.35,1863740.125,41.7814927,-87.63494163,20,7
610513,3630 S Wells St ,60609,1175177.622,1880745.126,41.82814609,-87.63279369,11,9
610515,3815 N Kedvale Ave ,60641,1148206.405,1925121.479,41.95048055,-87.73060545,38,17
610518,231 N Pine Ave ,60644,1139494.763,1901274.258,41.88520477,-87.76321191,28,15
610520,1148 N Honore St ,60622,1163810.597,1907900.166,41.90290876,-87.67373263,1,13
610521,6730 S Paulina St ,60636,1166133.893,1859929.018,41.77122181,-87.66656657,15,7
610523,6220 N Olcott Ave ,60631,1125476.537,1940915.071,41.99422812,-87.81380814,41,16
610524,2957 N Hoyne Ave ,60618,1161870.556,1919857.44,41.93576106,-87.68052441,1,19
610529,1250 W Erie St ,60622,1167748.1,1904529.595,41.8935757,-87.65936676,27,13
610530,1415 E 70th St ,60637,1186924.786,1858826.102,41.76772772,-87.59039017,5,3
610532,3510 W 55th St ,60632,1153845.758,1867957.685,41.79350627,-87.71139803,14,8
610533,2231 N Central Ave ,60639,1138718.257,1914429.033,41.92131717,-87.7657438,37,25
610534,640 W Scott St ,60610,1171670.974,1908773.84,41.9051367,-87.64483441,27,18
610535,4217 W 18th St ,60623,1148477.255,1891003.441,41.85685194,-87.73049117,24,10
610539,3000 N Mango Ave ,60634,1137482.296,1919394.9,41.93496641,-87.77016525,30,25
610541,3231 N Springfield Ave ,60618,1149828.059,1921320.477,41.94001885,-87.72474354,30,17
610542,6700 N Whipple St ,60645,1154772.178,1944306.386,42.00299575,-87.70595357,50,24
610543,5400 S St Louis Ave ,60632,1153924.117,1868568.611,41.79518118,-87.71109447,14,8
610544,4707 W Marquette Rd ,60629,1146123.64,1859720.388,41.77105158,-87.73992325,13,8
